P_LV,P_RV,V_LV,V_RV
21.047406981032744,5.353269559953138,147.2370349051637,131.06539119906276
21.093286715234274,5.3679029988842135,147.46643357617137,131.35805997768426
21.13897854810511,5.382595339887246,147.69489274052555,131.6519067977449
21.184462025721473,5.397341148012564,147.92231012860736,131.94682296025127
21.229716951691103,5.412134953443753,148.1485847584555,132.24269906887505
21.274723402172306,5.42697125755527,148.37361701086152,132.5394251511054
21.31946174088771,5.441844539093072,148.59730870443855,132.83689078186143
21.363912632552907,5.456749260025038,148.81956316276452,133.13498520050075
21.40805705610606,5.47167987147749,149.0402852805303,133.4335974295498
21.451876316954287,5.486630819540277,149.25938158477143,133.73261639080553
21.49535205827811,5.501596550820082,149.47676029139055,134.03193101640164
21.538466271987524,5.516571518113368,149.6923313599376,134.33143036226735
21.581201308394185,5.531550185733254,149.90600654197092,134.63100371466507
21.623539885622804,5.5465270348082925,150.117699428114,134.93054069616585
21.66546509790202,5.561496568470488,150.3273254895101,135.22993136940974
21.706960423265777,5.5764533167913655,150.53480211632888,135.5290663358273
21.748009730631964,5.59139184165154,150.74004865315982,135.8278368330308
21.788597285929768,5.606306741447887,150.94298642964884,136.12613482895773
21.828707757670532,5.621192655578579,151.14353878835266,136.42385311157156
21.868326221950525,5.636044268816737,151.34163110975263,136.72088537633473
21.90743816648114,5.650856315521357,151.53719083240568,137.01712631042713
21.94602949417829,5.66562358362001,151.73014747089144,137.3124716724002
21.98408652623546,5.680340918452591,151.92043263117728,137.6068183690518
22.02159600422728,5.695003226461274,152.1079800211364,137.9000645292255
22.05854509185761,5.709605478643901,152.29272545928805,138.19210957287802
22.09492137629277,5.724142713850736,152.47460688146384,138.48285427701472
22.130712868517026,5.73861004193374,152.65356434258513,138.7722008386748
22.16590800341409,5.753002646662323,152.82954001707043,139.06005293324645
22.200495639559904,5.767315788465959,153.00247819779952,139.34631576931918
22.234465058031446,5.7815448070371644,153.17232529015723,139.6308961407433
22.267805961011312,5.795685123713124,153.33902980505655,139.91370247426246
22.300508470246253,5.809732243668048,153.50254235123126,140.19464487336094
22.33256312453115,5.823681757979002,153.66281562265573,140.47363515958003
22.363960877023146,5.83752934548251,153.81980438511573,140.7505869096502
22.394693092591666,5.851270774438118,153.97346546295833,141.02541548876235
22.424751544192635,5.864901904071309,154.12375772096317,141.29803808142617
22.45412840909756,5.87841868592969,154.2706420454878,141.5683737185938
22.482816265341953,5.891817165041603,154.41408132670975,141.83634330083206
22.510808087222497,5.905093480967061,154.55404043611247,142.10186961934122
22.53809724063529,5.918243868680792,154.69048620317645,142.36487737361583
22.564677478835492,5.93126465926353,154.82338739417744,142.62529318527058
22.59054293727115,5.9441522804927835,154.95271468635573,142.88304560985566
22.615688128237924,5.95690325729383,155.07844064118962,143.1380651458766
22.640107936141916,5.969514212002465,155.20053968070957,143.39028424004928
22.663797611887986,5.981981864539188,155.31898805943993,143.63963729078375
22.686752767041117,5.994303032467804,155.43376383520558,143.88606064935607
22.708969368786633,6.006474630879906,155.54484684393316,144.12949261759812
22.730443734072722,6.018493672195852,155.6522186703636,144.36987344391704
22.751172523476296,6.030357265879542,155.75586261738147,144.60714531759083
22.771152736032747,6.042062617991703,155.85576368016373,144.84125235983404
22.790381703339747,6.053607030670676,155.95190851669872,145.07214061341352
22.808857083319516,6.064987901549575,156.04428541659757,145.29975803099148
22.826576855098665,6.07620272303177,156.13288427549332,145.5240544606354
22.843539313277258,6.0872490815010565,156.21769656638628,145.74498163002113
22.85974306180864,6.098124656492941,156.2987153090432,145.9624931298588
22.875187009129846,6.108827219743569,156.37593504564921,146.17654439487137
22.889870362846143,6.11935463418061,156.4493518142307,146.3870926836122
22.90379262401895,6.129704852900133,156.51896312009475,146.59409705800266
22.91695358284596,6.139875918038451,156.5847679142298,146.797518360769
22.929353314166406,6.149865959596738,156.64676657083203,146.99731919193476
22.94099217266958,6.159673194269648,156.7049608633479,147.19346388539296
22.95187078977175,6.169295924192631,156.75935394885875,147.3859184838526
22.96199007086163,6.178732535647448,156.80995035430814,147.57465071294897
22.971351192759496,6.1879814977908625,156.85675596379747,147.75962995581725
22.97995560369865,6.197041361322147,156.89977801849324,147.94082722644293
22.98780502530966,6.205910757119138,156.9390251265483,148.11821514238275
22.99490145713677,6.214588394908856,156.97450728568384,148.2917678981771
23.001247187596018,6.2230730619004975,157.00623593798008,148.46146123800995
23.006844814540734,6.23136362139359,157.03422407270367,148.6272724278718
23.01169728251338,6.2394590114339525,157.0584864125669,148.78918022867904
23.015807954451414,6.247358243450302,157.07903977225706,148.94716486900603
23.01918075700739,6.2550604008758315,157.09590378503694,149.10120801751663
23.02182050676607,6.262564637825173,157.10910253383034,149.25129275650346
23.023733751436637,6.269870177773041,157.11866875718317,149.3974035554608
23.024931438087993,6.276976312223531,157.12465719043996,149.5395262444706
23.025442932764378,6.283882399445462,157.1272146638219,149.67764798890923
23.02548599888245,6.29058786321318,157.12742999441224,149.8117572642636
23.025486048958495,6.297092191576978,157.12743024479246,149.94184383153956
23.025486266406787,6.303394904199893,157.12743133203392,150.06789808399785
23.02548648366875,6.30949597849573,157.12743241834374,150.1899195699146
23.048855197589926,6.319594372077125,157.1274335034753,150.30770341927314
23.119797436904868,6.33801859753112,157.12743458636734,150.42031937257647
23.238297587482016,6.364731242031174,157.1274356657304,150.52665523299945
23.404326411574363,6.399690562586542,157.12743674027806,150.62562444841728
23.617842944144336,6.442850039519253,157.127437808726,150.71616479751654
23.878794502951777,6.494157689101307,157.1274388697921,150.79723849211385
24.187116701556075,6.553555413816799,157.1274399221963,150.86783244586937
24.54273346519011,6.6209783967535465,157.12744096466068,150.9269588097504
24.94555704954652,6.696354561087837,157.12744199591035,150.9736561343857
25.395488062392143,6.779604177316455,157.12744301467308,151.00699263215574
25.892415488106465,6.870640176205087,157.12744401968004,151.0260816235529
26.436216715055657,6.969399230683356,157.12744500966596,151.0306558316925
27.026757565872387,7.076378117572428,157.12744598336937,151.03065910976613
27.663892330511374,7.191797504366741,157.127446939533,151.03065935858757
28.347463802227274,7.315629078403166,157.1274478769041,151.0306596039155
29.077303316341055,7.447842285363641,157.1274487942347,151.0306598455148
29.853230791893715,7.5884045028396505,157.12744969028205,151.03066008315307
30.67505477601275,7.737281048370037,157.1274505638087,151.0306603165991
31.542572491187528,7.894435188005845,157.12745141358292,151.03066054562314
32.45556988527501,8.059828145369703,157.1274522383792,151.03066076999667
33.41382168436322,8.233419111232953,157.1274530369782,151.03066098949262
34.41709144827344,8.415165253570697,157.1274538081674,151.0306612038851
35.46513162894667,8.6050217281394,157.1274545507409,151.0306614129496
36.557683631491486,8.802941689536523,157.12745526350056,151.03066161646328
37.69447787804853,9.00887630277042,157.1274559452554,151.03066181420462
38.87523387420959,9.222774755292981,157.12745659482226,151.03066200595373
40.099660278284915,9.444584269548171,157.12745721102644,151.03066219149227
41.36745497315192,9.674250115988276,157.12745779270134,151.03066237060372
42.67830514086927,9.911715626590953,157.12745833868922,151.0306625430732
44.031887339750405,10.156922208821891,157.12745884784127,151.03066270868757
45.42786758423847,10.409809360104884,157.12745931901807,151.03066286723572
46.865901427272526,10.670314682743177,157.12745975108967,151.03066301850816
48.34563404535659,10.938373899330454,157.127460142936,151.03066316229763
49.86670032598378,11.21392086858837,157.1274604934471,151.03066329839868
51.428724957780766,11.496887601696885,157.12746080152348,151.03066342660796
53.03132252317941,11.787204279082392,157.12746106607625,151.03066354672418
54.67409759337974,12.084799267620895,157.12746128602728,151.03066365854855
56.356644826004896,12.389599138328709,157.12746146031,151.03066376188397
58.078549065067065,12.701528684471965,157.12746158786902,151.03066385653597
59.83938544350053,13.020510940140968,157.12746166766087,151.03066394231226
61.638719487845336,13.346467199214187,157.1274616986538,151.03066401902282
63.4761072255462,13.679317034795954,157.12746167982868,151.03066408648036
65.35109529444613,14.018978319051708,157.12746161017844,151.03066414449967
67.26322105475616,14.365367243491768,157.12746148870912,151.03066419289829
69.21201270304668,14.718398339621299,157.12746131443944,151.0306642314962
71.19698938876641,15.077984500048125,157.12746108640147,151.030664260116
73.21766133283253,15.444036999965673,157.12746080364087,151.03066427858295
75.27352994859402,15.816465519065947,157.12746046521667,151.0306642867251
77.36408796468189,16.195178163794,157.1274600702022,151.03066428437305
79.48881955028783,16.580081490042613,157.12745961768465,151.03066427136014
81.64720044238234,16.971080526198094,157.12745910676563,151.03066424752276
83.83869807519584,17.368078796595963,157.12745853656162,151.0306642127001
86.06277171144094,17.770978345292143,157.12745790620363,151.03066416673389
88.31887257585792,18.179679760254988,157.12745721483768,151.0306641094694
90.60644399055845,18.594082197882802,157.1274564616253,151.0306640407544
92.92492151251244,19.014083407909844,157.12745564574328,151.03066396043982
95.2737330726259,19.4395797586004,157.12745476638403,151.03066386837972
97.65229911702521,19.870466262342504,157.12745382275577,151.0306637644312
100.06003274999291,20.306636601540685,157.1274528140833,151.03066364845444
102.49430738441295,20.74798315487381,157.12516877113038,151.03066352031277
104.78452410407338,21.194397023812616,156.9342981755264,151.0306633798728
106.83951966280512,21.645768059514214,156.4709383708346,151.03066322700434
108.68482243587647,22.101984889987772,155.78131821429028,151.0306630615804
110.34368116199089,22.562934947600635,154.9055343517838,151.0306628834774
111.83718409591756,23.0285044968146,153.87823761583059,151.0306626925749
113.18437957764729,23.49857866226842,152.72925419705078,151.030662488756
114.40240230407035,23.973041457142674,151.48415167676364,151.03066227190712
115.50660284669478,24.451775811738592,150.16475248791951,151.03066204191816
116.51067675542252,24.93466360239069,148.78959627370267,151.0306617986825
117.42679345221158,25.421585680599396,147.3743562359719,151.03066154209768
118.26572758471357,25.912266235533806,145.93221625667482,151.02989814493026
119.03697823034277,26.398048922400733,144.47419991192015,150.98735588925732
119.7488894577421,26.873643465764886,143.00946791368503,150.88095515212606
120.4087653261656,27.338566533039117,141.54558128046918,150.71255001077841
121.0229760722852,27.79237122204415,140.08873113439645,150.48407632118438
121.5970581443019,28.234641546836833,138.64394077544634,150.19751465868364
122.13580848214717,28.66499294018215,137.2152432304094,149.85488360621036
122.64337212289315,29.083072955880517,135.8058361253376,149.45823468049502
123.1233174381168,29.48856191355766,134.4182119925945,149.0096476300915
123.57871144288913,29.881173373508354,133.05427586779066,148.51122561118933
124.01218627360984,30.26065451749438,131.71544497010757,147.96509058209327
124.42598847518461,30.626786361970574,130.40272645356978,147.37337861004795
124.82204543929431,30.979383819935908,129.1167996536231,146.73823517750168
125.20199886862221,31.318295658882853,127.85806771253947,146.06181068531887
125.56724883213253,31.643404270003675,126.6267114528874,145.3462558155207
125.91899551923666,31.954625339612953,125.4227365738816,144.59371712199518
126.2582616776546,32.25190737816379,124.24600376317665,143.80633266612452
126.58592206640601,32.53523111551485,123.09626048529664,142.98622773114514
126.90273255602818,32.80460878510936,121.97316955578277,142.13551069331436
127.209341255803,33.06008330137547,120.87632388796183,141.2562690532407
127.5063066806705,33.30172731447115,119.8052641719955,140.35056555794446
127.79412077853605,33.52964217537353,118.75949783315701,139.42043452024149
128.07321152126437,33.743956819040825,117.7385041496588,138.46787834205057
128.34395203130893,33.94482654855874,116.74174269629711,137.49486416433334
128.6066801812125,34.13243175230863,115.76866701478767,136.50332073546073
128.8616968123194,34.306976564457116,114.81872496077555,135.49513550866658
129.10926770484156,34.4686874562496,113.89136107856471,134.47215190333
129.34964075602525,34.61781178302331,112.98602708495957,133.4361667901526
129.58304350881636,34.75461630067033,112.10218079573573,132.38892821826022
129.8096792167958,34.87938564404221,111.2392843283185,131.33213333378745
130.0297418158044,34.99242078406807,110.39681236648795,130.26742651870944
130.24341558806842,35.094037479354775,109.57425177457239,129.19639777166157
130.45086627184602,35.18456471935519,108.77109683402789,128.12058129512047
130.65225350276543,35.26434316915944,107.98685560399865,127.04145429378447
130.84773455846556,35.333723631038204,107.22105141953477,125.96043600355969
131.03745141464358,35.39306552346102,106.47321603680004,124.87888692686641
131.22154004828462,35.44273538359676,105.74289408440896,123.79810826757027
131.40013930552126,35.48310540544653,105.02964694672647,122.71934157585773
131.57337499689916,35.51455201568343,104.33304460163642,121.64376858528645
131.74136539525966,35.53745449277839,103.65266805193238,120.57251123497049
131.90423530263408,35.55219363695803,102.98811552323045,119.50663187631149
132.06209867982167,35.55915049160477,102.33899383993801,118.44713364485887
132.21506106265008,35.558705124597495,101.7049193254852,117.3949610010523
132.36323229035077,35.55123547031553,101.085523226665,116.35100042282662
132.5067163764698,35.53711623481802,100.48044666642859,115.31608123977188
132.64561530543583,35.516717867814286,99.88934200037725,114.29097660195602
132.780019621112,35.49040560307925,99.31186836994753,113.2764045729471
132.91002916908795,35.45853857260456,98.74770040747049,112.27302934639735
133.0357366551192,35.42146898175001,98.19652066481166,111.28146254187013
133.1572221321753,35.37954136373027,97.65801708039447,110.30226461481078
133.2745771731472,35.33309190780774,97.13189287280115,109.33594635568386
133.3878879182995,35.28244784554543,96.61785897967265,108.38297043130208
133.49722634173122,35.227926915748135,96.11563027955789,107.44375301158992
133.60267509925228,35.16983690351794,95.62493550757829,106.51866546248917
133.7043148271329,35.10847523134598,95.14551165831276,105.60803604725028
133.80221056253734,35.04412862217572,94.67709836199758,104.71215167938104
133.89643628431162,34.97707283552801,94.21944743895146,103.83125972495412
133.98706779140505,34.90757244786737,93.77231968010523,102.96556978444251
134.07416427599986,34.83588069362049,93.33547747400273,102.11525549119115
134.15779128023502,34.76223937654085,92.90869353010471,101.28045634635187
134.23802023864008,34.686878817290456,92.4917503256366,100.46127951217785
134.3149054822412,34.6100178467943,92.08443117677187,99.65780158691602
134.38850441249255,34.53186386568778,91.6865277254721,98.87007040625495
134.45888438745044,34.45261293284541,91.29784217061565,98.09810679054517
134.52609575461943,34.37244988259204,90.91817707865334,97.34190624020462
134.5901881697837,34.29154850232264,90.54734130286406,96.60144065001829
134.65122501957867,34.21007173358068,90.18515493443257,95.87665996430995
134.7092534351195,34.12817188415453,89.83143825310684,95.16749375122798
134.7643158561722,34.04599089344271,89.4860158295489,94.473852788674
134.8164716199913,33.96366061746671,89.1487239414678,93.79563059343711
134.8657652911156,33.88130310822275,88.81939917105173,93.1327048459425
134.91223278728336,33.79903093782358,88.4978805295093,92.4849388194355
134.95592913534963,33.716947540031974,88.18401888672663,91.85218275949231
134.99689685827826,33.635147532079365,87.87766582861022,91.23427514366392
135.03516623431867,33.55371707144766,87.57867373569377,90.6310439368631
135.0707875369747,33.47273422889967,87.28690657577162,90.04230780738317
135.10380167220603,33.39226933171092,87.0022297489491,89.46787721652075
135.13423427413164,33.31238533058089,86.72450809604486,88.9075554932559
135.16213033536417,33.23313818272272,86.45361730949004,88.3611398815862
135.18752949248352,33.154577199206024,86.18943551979243,87.82842246340738
135.21045367366332,33.07674540375724,85.93183921123823,87.30919105390886
135.23094216661016,32.99967990859989,85.68071459684802,86.80323008281422
135.24903355130235,32.923412252226576,85.43595152969556,86.31032135920647
135.26474691526465,32.84796873649663,85.19743739917239,85.83024479642239
135.27811555123267,32.77337078177111,84.96506789719504,85.36277913486558
135.28917705492873,32.69963524521898,84.73874365721899,84.90770256210797
135.29794845261586,32.62677472682073,84.51836230195502,84.46479328077243
135.3044569103295,32.55479789419081,84.30382811535941,84.03383008476347
135.30873896833393,32.483709774778646,84.09505162580773,83.61459285031518
135.31081027338672,32.41351202524293,83.89194007371432,83.20686296387862
135.31069191125897,32.344203219823314,83.69440559532858,82.81042376610121
135.30841915087612,32.27577911255441,83.50236777762514,82.42506093062997
135.30400683354517,32.2082328677208,83.31574291014527,82.0505627707887
135.2974702044285,32.141555308678406,83.13445038102832,81.68672056716257
135.28884290147218,32.07573514837692,82.95841804219782,81.33332885086902
135.27813941867208,32.0107591812091,82.78757070293616,80.99018560831752
135.2653696036826,31.946612491704457,82.62183453444008,80.65709250892397
135.25056496298788,31.883278653253566,82.46114489715187,80.33385510843706
135.23373997926598,31.82073988366456,82.30543462328153,80.02028297082809
135.21489975468083,31.758977215064053,82.15463632199699,79.71618981225382
135.19407302772322,31.697970661884852,82.00869213858391,79.42139363870228
135.1712744794202,31.63769934378475,81.86754245833373,79.13571680278031
135.14650532814323,31.578141619515772,81.73112609935382,78.8589860793282
135.11979077840047,31.51927522592567,81.59939129713143,78.59103274969621
135.0911458290495,31.461077372786008,81.4722855537762,78.33169260980212
135.06056876716318,31.403524844220765,81.34975374203904,78.08080599129008
135.02808049112127,31.346594110981492,81.23174955270876,77.83821780311652
134.9936963715778,31.290261402038137,81.11822720498752,77.60377750514175
134.95741260884645,31.23450277758836,81.00913748503929,77.37733908718604
134.9192452169394,31.179294217263557,80.90443901551016,77.15876107707568
134.87920986139787,31.12461167312516,80.80409234673076,76.94790649166247
134.8373013878508,31.070431118443043,80.70805404715001,76.7446427844434
134.79353054377114,31.016728614710377,80.61628725268125,76.54884182797416
134.74791308314192,30.963480350186,80.52875847000101,76.36037985167303
134.70044310718367,30.910662668607962,80.44542992470019,76.17913736719261
134.65112591234438,30.858252117883033,80.3662689466166,76.00499913172358
134.59997700334938,30.806225477736575,80.2912476318704,75.83785407981527
134.54699021431298,30.7545597722813,80.22033373951537,75.67759523408711
134.49216539673117,30.703232303139014,80.15349856628828,75.52411965482516
134.43551732890407,30.65222066906708,80.09071943364613,75.37732837097602
134.37703990150115,30.601502765981348,80.03196950481177,75.23712628247395
134.31672769207697,30.551056807012593,79.97722389759456,75.10342210036275
134.25459410369515,30.500861336285222,79.926464785724,74.97612828038253
134.19063319529403,30.45089521954605,79.87967058399579,74.8551609218591
134.12483452278113,30.40113765331297,79.83682014018224,74.74043970153237
134.0572091643229,30.351568174236036,79.79790005913169,74.63188781152442
133.9877510207125,30.302166642895518,79.76289376622299,74.5294318583773
133.9164446128591,30.252913243684713,79.73178370288431,74.43300179261138
133.84329680539977,30.203788490218333,79.70456025295971,74.34253085100259
133.76829931688397,30.154773203950434,79.68121116602667,74.25795545762125
133.6954682428782,30.10684605319583,79.66154066294841,74.17917089818543
133.62692323483856,30.06090280023677,79.64478870304853,74.10590309556925
133.56057524565992,30.0167714343299,79.63036470961079,74.03785629906432
133.49519633412544,29.97429385553815,79.61792107091568,73.97475909141372
133.4300804918922,29.933324812696224,79.60725746877854,73.91636244045667
133.36480861838237,29.893730860737893,79.59825464618221,73.86243786791151
133.2991175058408,29.855389380969665,79.59083748919667,73.81277573466775
133.23286186033727,29.818187739195395,79.5849643340363,73.7671837661933
133.16591323971764,29.78202241587509,79.58059847677708,73.72548554026143
133.0981540985311,29.746798300036325,79.5777064835803,73.6875192557651
133.02935357302985,29.712427944974472,79.57622309502965,73.65313644463482
132.95866577381113,29.67883093785918,79.57590933802264,73.62220087985398
132.88305020105665,29.645933281697634,79.57590533564615,73.59458750926434
132.80142641443473,29.61366680064156,79.57590384608642,73.5701814326464
132.71379339597,29.581968538887264,79.57590235819985,73.54887687145418
132.6201595929969,29.550780263718686,79.57590087217821,73.53057631550992
132.52053403114235,29.52004790183395,79.575899388189,73.51518956002676
132.41492631352673,29.489720053168835,79.57589790639503,73.50263119500909
132.30334661983937,29.45974763892826,79.57589642695636,73.4928199925773
132.18580570537242,29.43008080942446,79.57589495003216,73.48567368669251
132.06231489998177,29.400661690993523,79.57589347578121,73.48109672436601
131.93288610698832,29.371396913502277,79.57589200436168,73.47893388462693
131.797531802042,29.34195516324157,79.57589053593136,73.47862855581167
131.6562650319118,29.311414735083524,79.57588907064772,73.47862563153824
131.50909941323192,29.279600604311646,79.57588760866768,73.47862531511099
131.35604913118084,29.246514291277602,79.5758861501479,73.47862499947956
131.19712893812633,29.212158985024164,79.57588469524457,73.4786246846964
131.03235415219507,29.176537996896798,79.57588324411354,73.47862437080066
130.86174065580036,29.13965476023205,79.57588179691022,73.47862405782928
130.68530489410108,29.1015128300249,79.5758803537895,73.47862374581771
130.50306387343156,29.06211588258942,79.57587891490594,73.47862343480014
130.31503515965193,29.021467715202956,79.57587748041361,73.47862312481054
130.12123687646024,28.979572245741366,79.57587605046606,73.47862281588287
129.9216877036343,28.936433512298787,79.57587462521643,73.47862250805076
129.7164068752474,28.89205567280217,79.5758732048173,73.47862220134775
129.50541417780306,28.84644300460805,79.57587178942067,73.47862189580718
129.28872994833435,28.79959990409158,79.5758703791782,73.47862159146226
129.06637507243013,28.751530886220095,79.57586897424088,73.47862128834603
128.83837098224055,28.702240584121974,79.5758675747591,73.47862098649149
128.60473965439903,28.65173374863733,79.57586618088276,73.47862068593139
128.3655036079103,28.600015247861634,79.57586479276115,73.4786203866985
128.12068590196571,28.547090066673356,79.57586341054292,73.47862008882522
127.87031013374123,28.492963306258073,79.57586203437616,73.47861979234402
127.6144004361092,28.437640183613826,79.5758606644083,73.47861949728716
127.35298147531891,28.381126031049757,79.57585930078609,73.47861920368676
127.08607844860461,28.323426295668906,79.5758579436557,73.47861891157474
126.81371708177842,28.26454653884815,79.57585659316258,73.47861862098299
126.53592362673594,28.204492435698803,79.57585524945145,73.47861833194314
126.25272485893369,28.143269774521393,79.57585391266637,73.47861804448675
125.96414807479204,28.080884456244174,79.57585258295073,73.4786177586451
125.67022108908789,28.017342493859715,79.57585126044712,73.47861747444949
125.37097223226218,27.95265001184262,79.57584994529743,73.47861719193088
125.06643034767573,27.886813245556578,79.57584863764275,73.47861691112021
124.75662478885492,27.81983854065871,79.57584733762344,73.47861663204816
124.4415854166447,27.751732352484378,79.57584604537898,73.47861635474524
124.12134259634027,27.682501245426888,79.57584476104826,73.47861607924187
123.79592719474044,27.61215189230076,79.57584348476911,73.4786158055682
123.46537057720117,27.540691073704547,79.57584221667875,73.47861553375424
123.12970460459277,27.468125677363325,79.57584095691337,73.47861526382982
122.78896163023946,27.39446269746686,79.57583970560844,73.47861499582459
122.44317449678083,27.319709233991272,79.57583846289855,73.478614729768
122.09237653303518,27.24387249202095,79.57583722891732,73.47861446568928
121.73660155076828,27.166959781049986,79.57583600379763,73.47861420361752
121.37588384144364,27.088978514279763,79.57583478767135,73.47861394358162
121.01025817289705,27.00993620789995,79.57583358066947,73.47861368561021
120.63975978601583,26.929840480370796,79.57583238292194,73.4786134297318
120.26442439132235,26.848699051684285,79.57583119455799,73.47861317597457
119.8842881655417,26.766519742622478,79.57583001570573,73.47861292436669
119.49938774809324,26.683310473998866,79.57582884649229,73.47861267493593
119.10976023759213,26.599079265902034,79.57582768704394,73.47861242770996
118.71544318825123,26.513834236917937,79.57582653748592,73.47861218271619
118.31647460627242,26.42758360334982,79.57582539794237,73.47861193998182
117.91289294616136,26.340335678421347,79.57582426853654,73.47861169953383
117.50473710705431,26.252098871482723,79.57582314939057,73.478611461399
117.0920464289463,26.16288168719519,79.57582204062557,73.4786112256038
116.67486068891147,26.072692724713946,79.57582094236164,73.47861099217457
116.25322009724466,25.9815406768541,79.5758198547178,73.47861076113742
115.82716529362179,25.88943432926047,79.575818777812,73.47861053251813
115.3967373431589,25.796382559555738,79.5758177117611,73.47861030634232
114.96197773246637,25.702394336487423,79.5758166566809,73.47861008263538
114.52292836562513,25.60747871905797,79.57581561268599,73.47860986142241
114.0796315601852,25.511644855659707,79.5758145798899,73.47860964272829
113.63213004306847,25.41490198318913,79.575813558405,73.47860942657766
113.1804669464315,25.317259426152358,79.57581254834263,73.47860921299491
112.72468580354582,25.218726595774726,79.57581154981284,73.47860900200415
112.2648305445773,25.119312989088176,79.57581056292464,73.47860879362929
111.80094549236416,25.019028188018666,79.57580958778577,73.47860858789397
111.3330753581193,24.917881858456926,79.57580862450281,73.47860838482156
110.86126523716008,24.815883749335384,79.5758076731812,73.47860818443513
110.3855606045354,24.7130436916828,79.57580673392508,73.47860798675757
109.90600731065632,24.609371597679672,79.57580580683741,73.47860779181147
109.4226515768499,24.504877459696846,79.57580489202006,73.47860759961912
108.93553999094397,24.39957134934137,79.57580398957343,73.47860741020261
108.44471950275093,24.293463416479774,79.57580309959685,73.4786072235837
107.95023741955575,24.186563888262842,79.57580222218837,73.47860703978392
107.45214140152822,24.078883068133727,79.5758013574447,73.4786068588245
106.95047945717165,23.97043133484401,79.57580050546133,73.47860668072639
106.44529993866777,23.861219141447314,79.5757996663325,73.47860650551026
105.9366515372304,23.75125701429484,79.57579884015112,73.47860633319654
105.4245832783835,23.640555552014533,79.57579802700879,73.47860616380535
104.90914451727967,23.529125424498933,79.57579722699583,73.47860599735651
104.39038493391391,23.416977371870498,79.5757964402012,73.47860583386955
103.86835452835058,23.30412220344969,79.57579566671265,73.4786056733638
103.34310361587391,23.190570796706538,79.57579490661647,73.47860551585816
102.81468282218319,23.07633409622201,79.57579415999756,73.47860536137135
102.2831430784845,22.961423112626623,79.5757934269397,73.47860520992175
101.74853561659573,22.84584892154249,79.57579270752508,73.47860506152746
101.21091196397907,22.72962266250919,79.57579200183463,73.47860491620625
100.67032393882026,22.61275553791999,79.57579130994792,73.47860477397565
100.1268236450114,22.495258811937205,79.57579063194308,73.47860463485283
99.58046346710589,22.377143809401456,79.57578996789688,73.4786044988547
99.0312960653159,22.258421914750176,79.57578931788467,73.47860436599784
98.47937437040608,22.139104570913645,79.57578868198043,73.47860423629854
97.92475157860763,22.019203278215493,79.5757880602567,73.4786041097728
97.36748114645958,21.898729593257347,79.57578745278464,73.4786039864363
96.8076167857038,21.77769512781525,79.57578685963392,73.47860386630434
96.24521245807699,21.656111547713657,79.57578628087283,73.47860374939201
95.68032237012551,21.533990571704482,79.57578571656822,73.47860363571408
95.11300096794862,21.41134397033061,79.57578516678541,73.47860352528495
94.54330293199982,21.28818356480184,79.57578463158846,73.4786034181187
93.9712831717834,21.16452122584864,79.57578411103972,73.47860331422919
93.39699682057957,21.04036887258136,79.57578360520027,73.47860321362982
92.82049923009752,20.915738471334528,79.57578311412965,73.47860311633383
92.24184596518954,20.790642034523927,79.57578263788592,73.478603022354
91.66109279846305,20.665091619481842,79.57578217652565,73.47860293170288
91.07829570492194,20.539099327298416,79.575781730104,73.47860284439261
90.49351085653795,20.412677301648202,79.57578129867447,73.47860276043511
89.90679461688725,20.2858377276304,79.57578088228925,73.47860267984193
89.31820353568442,20.15859283058724,79.57578048099893,73.47860260262422
88.72779434334896,20.03095487492936,79.57578009485256,73.47860252879298
88.13562394550443,19.902936162946315,79.57577972389781,73.47860245835865
87.54174941754368,19.774549033631853,79.57577936818073,73.47860239133156
86.94622799909445,19.645805861487304,79.5757790277458,73.4786023277216
86.34911708852003,19.51671905533254,79.57577870263609,73.47860226753832
85.75047423735272,19.387301057102647,79.5757783928931,73.47860221079097
85.15035714479795,19.257564340659695,79.57577809855674,73.4786021574884
84.54882365213984,19.12752141058323,79.5757778196655,73.47860210763929
83.94593173718278,18.99718480096855,79.57577755625621,73.47860206125179
83.34173950862969,18.866567074211382,79.57577730836418,73.47860201833387
82.7363052005331,18.735680819808064,79.57577707602324,73.47860197889305
82.12968716665642,18.604538653136654,79.57577685926559,73.47860194293662
81.52194387482454,18.473153214235374,79.57577665812197,73.47860191047143
80.91313390133972,18.341537166595504,79.57577647262144,73.47860188150402
80.30331592530199,18.209703195933386,79.57577630279154,73.47860185604065
79.69254872297115,18.077664008971464,79.5757761486583,73.47860183408719
79.0808911620668,17.945432332206057,79.57577601024616,73.47860181564917
78.46840219614711,17.81302091069197,79.57577588757798,73.47860180073181
77.85514085889176,17.68044250680661,79.57577578067499,73.47860178933993
77.24116625843043,17.54770989902366,79.57577568955698,73.47860178147808
76.62653757161027,17.414835880673863,79.57577561424205,73.47860177715043
76.01131403834543,17.281833258723314,79.57577555474676,73.47860177636083
75.39555495587238,17.148714852531484,79.5757755110861,73.47860177911272
74.77931967305247,17.0154934926195,79.57577548327352,73.4786017854093
74.16266758461676,16.882182019425848,79.57577547132081,73.47860179525337
73.54565812549417,16.74879328208015,79.57577547523819,73.47860180864738
72.92835076504845,16.615340137157148,79.57577549503438,73.47860182559344
72.3108050013636,16.481835447441345,79.57577553071644,73.47860184609337
71.69308035547463,16.34829208067961,79.57577558228981,73.47860187014855
71.07523636568378,16.214722908352385,79.57577564975844,73.47860189776011
70.45733258178696,16.081140804425438,79.57577573312469,73.47860192892878
69.8394285593518,15.947558644112858,79.57577583238923,73.478601963655
69.22158385394297,15.813989302628475,79.57577594755125,73.47860200193875
68.6038580154346,15.680445653956305,79.57577607860829,73.47860204377979
67.98631058223599,15.546940569602132,79.57577622555633,73.4786020891775
67.36900107557082,15.413486917356662,79.57577638838977,73.47860213813087
66.7519889937055,15.280097560047732,79.57577656710144,73.47860219063863
66.13533380626717,15.146785354311886,79.57577676168252,73.47860224669908
65.51909494847733,15.013563149347654,79.57577697212268,73.47860230631024
64.90333181544085,14.880443785680864,79.57577719841,73.47860236946974
64.28810375638632,14.747440093919481,79.5757774405309,73.47860243617494
63.67347006899896,14.614564893528264,79.57577769847035,73.47860250642275
63.05948999367879,14.481830991587534,79.57577797221163,73.4786025802098
62.44622270780524,14.349251181553111,79.57577826173649,73.4786026575324
61.833727320085856,14.216838242034557,79.57577856702508,73.4786027383865
61.22206286482467,14.084604935555973,79.57577888805599,73.47860282276767
60.61128829624988,13.952564007329666,79.57577922480631,73.4786029106712
60.001462482796924,13.820728184020219,79.57577957725141,73.47860300209196
59.392644201487286,13.68911017252913,79.57577994536523,73.47860309702459
58.78489213222844,13.55772265876251,79.57578032912008,73.47860319546332
58.1782648521759,13.426578306412154,79.57578072848672,73.478603297402
57.572820830052905,13.295689755727508,79.57578114343437,73.47860340283425
56.96861842056708,13.165069622308541,79.57578157393066,73.47860351175329
56.36571585875173,13.034730495882336,79.57578201994168,73.47860362415202
55.76417125437024,12.904684939093352,79.575782481432,73.47860374002295
55.16404258628138,12.774945486285237,79.5757829583646,73.47860385935834
54.56538769690261,12.645524642303773,79.57578345070095,73.47860398215008
53.96826428660097,12.516434881284225,79.57578395840099,73.47860410838967
53.37272990814889,12.387688645452748,79.57578448142303,73.47860423806839
52.7788419611437,12.259298343919776,79.57578501972401,73.47860437117704
52.186657686525876,12.131276351495075,79.5757855732592,73.47860450770632
51.596234161028626,12.00363500748754,79.57578614198246,73.47860464764632
51.00762829169326,11.876386614519667,79.57578672584602,73.47860479098702
50.420896810351536,11.749543437334463,79.57578732480069,73.47860493771796
49.836096268207605,11.623117701624206,79.57578793879568,73.47860508782838
49.25328303035443,11.497121592844849,79.57578856777884,73.47860524130719
48.67251327035776,11.371567255045122,79.57578921169642,73.47860539814296
48.093842964808964,11.246466789688933,79.57578987049308,73.478605558324
47.517327887979945,11.12183225449966,79.57579054411221,73.47860572183825
46.94302360641421,10.997675662290865,79.57579123249558,73.47860588867336
46.37098547358778,10.874008979811963,79.57579193558348,73.47860605881654
45.801268624541805,10.75084412658783,79.5757926533148,73.47860623225482
45.233927970617316,10.628192973780504,79.57579338562691,73.47860640897491
44.669018194138346,10.506067343039648,79.57579413245574,73.4786065889631
44.1065937431176,10.384479005358,79.57579489373575,73.47860677220545
43.54670882605697,10.263439679947236,79.57579566939995,73.47860695868768
42.989417406690734,10.142961033101493,79.57579645937993,73.47860714839517
42.434773198800414,10.023054677076347,79.57579726360592,73.47860734131305
41.882829661006,9.903732168962774,79.57579808200651,73.4786075374261
41.33363999166138,9.785005009583475,79.57579891450908,73.4786077367188
40.787257123695,9.666884642377536,79.5757997610395,73.47860793917533
40.243733719524,9.549382452300838,79.57580062152228,73.47860814477951
39.7031221659475,9.432509764722093,79.57580149588044,73.47860835351497
39.165474569143996,9.316277844341224,79.57580238403573,73.47860856536492
38.63084274961827,9.200697894097,79.57580328590842,73.47860878031236
38.099278237222165,9.085781054090507,79.57580420141748,73.47860899833992
37.5708322661578,8.971538400504917,79.57580513048045,73.47860921942997
37.045555770085016,8.857980944547748,79.57580607301351,73.47860944356464
36.523499377181864,8.74511963138295,79.5758070289315,73.47860967072559
36.00471340528005,8.63296533907925,79.57580799814797,73.47860990089437
35.489247856985685,8.521528877555319,79.57580898057506,73.4786101340522
34.97715241490414,8.41082098754737,79.57580997612364,73.47861037017992
34.468476436822,8.3008523395676,79.57581098470321,73.47861060925818
33.963268950964526,8.19163353287885,79.57581200622198,73.47861085126732
33.461578651241304,8.083175094466784,79.57581304058682,73.47861109618736
32.963453892596334,7.975487478034582,79.57581408770342,73.47861134399804
32.46894268631854,7.868581062989172,79.57581514747609,73.47861159467884
31.978092695428447,7.76246615344385,79.57581621980786,73.47861184820897
31.49095123005652,7.65715297721913,79.57581730460055,73.47861210456749
31.007565242925182,7.552651684866037,79.5758184017547,73.47861236373346
30.527981324795206,7.448972348681455,79.57581951116958,73.4786126256845
30.052245699989083,7.346124961740466,79.57582063274327,73.47861289039781
29.580404221908758,7.244119436927393,79.57582176637257,73.47861315785038
29.112502368656617,7.142965605989048,79.57582291195313,73.47861342801873
28.648585238631632,7.0426732185827206,79.57582406937934,73.47861370087921
28.18869754616317,6.94325254234819,79.57582523854438,73.47861825933401
27.732883617240713,6.845501392060566,79.57582641934032,73.48432521048186
27.281187385215166,6.750432946840042,79.57582761165796,73.5033424999646
26.833652386577423,6.657950521256832,79.57582881538703,73.53545937124318
26.390321756736533,6.567931188380686,79.57583003041597,73.58024419529308
25.95123822590052,6.480257109194838,79.57583125663218,73.63726833435874
25.51644411493229,6.394816962040905,79.57583249392191,73.70611792249493
25.08598133128292,6.311505961980541,79.57583374217019,73.78639558022206
24.65989136492808,6.230225640865124,79.57583500126091,73.87772034814823
24.238215284405644,6.150883558145528,79.57583627107664,73.97972702777128
23.820993732832207,6.073393020311939,79.57583755149777,74.09206550889994
23.410635023328197,5.997672790115532,79.57964020536089,74.21439992554487
23.03048465977413,5.923646816967724,79.62552181285258,74.34640789043394
22.682569751477466,5.851243977887207,79.71904038790328,74.48777972672353
22.362441327815205,5.7803978326772,79.85513911902153,74.63821773101068
22.066274005515112,5.711046393045134,80.0294095119195,74.79743547029985
21.790782220220255,5.643131904550758,80.23801362193282,74.96515710867982
21.533142479105596,5.576600640995833,80.47760651389017,75.14111676518618
21.29092697240523,5.5114027108466965,80.7452690250823,75.32505790462996
21.062047074059045,5.447491874870422,81.03844978847007,75.51673275898447
20.844705054148285,5.38482537347218,81.35491486507385,75.71590177017676
20.63735340052149,5.323363764585237,81.69270509704597,75.9223330666004
20.43866006323632,5.263070770760588,82.05009913854313,76.13580196572684
20.247478574040176,5.203913133754703,82.42558103619915,76.35609049015267
20.062823064581536,5.145860478718627,82.81781320190728,76.58298692194371
19.883846447234095,5.088885184624357,83.2256120694252,76.81628536614006
19.70982206790851,5.032962262138855,83.64792759473356,77.05578533908893
19.540127951680923,4.978069238672796,84.08382535979004,77.30129138290157
19.374233119900744,4.924186047799765,84.53247060433954,77.55261268018627
19.211686236469586,4.871294927068207,84.99311512891012,77.8095627148865
19.052105371495326,4.819380317697608,85.46508479203054,78.07195891313121
18.895169747747794,4.768428773124284,85.9477697765066,78.33962234260107
18.74061211075123,4.718428867934353,86.44061486064153,78.6123773803839
18.58821263257135,4.669371115297383,86.94311195912084,78.89005144282406
18.43779330948591,4.621247884476236,87.4547927477364,79.17247468493122
18.2892132972897,4.574053324954144,87.97522255052776,79.4594797467559
18.142364949675645,4.527783292621009,88.50399511456571,79.75090149700866
17.997170085697487,4.4824352782094,89.04072720086359,80.04657677751963
17.853577253142888,4.438008341898777,89.58505504887083,80.34634419949441
17.711558799053126,4.394503045339967,90.13662978443395,80.65004388587309
17.571108766811435,4.3519213918189905,90.69511447833699,80.95751729518601
17.43224093134711,4.310266765018979,91.26018117539051,81.26860701051567
17.294986852053665,4.269543869276487,91.83150756747132,81.58315652968669
17.15939461237811,4.229758676136926,92.40877525276248,81.90101012396374
17.025527363639114,4.190918367171081,92.99166718460101,82.2220126339835
16.89346207244266,4.153031280990788,93.57986543501183,82.54600930940262
16.76328867644597,4.116106863432155,94.17304997669264,82.87284568304699
16.635109030347113,4.0801556145043545,94.77089668175797,83.20236739130563
16.50903602571534,4.045189039351219,95.3730756842819,83.53442004259765
16.385192993507218,4.01121960137677,95.97925053441243,83.86884911251735
16.263712934935825,3.9782606725540837,96.58907674050381,84.20549979352279
16.144737815342815,3.946326486231016,97.20220043076324,84.54421687710291
16.028418101823416,3.915432092595001,97.81825779519274,84.88484467486494
15.914912172127485,3.885593311349013,98.43687410233605,85.2272268973651
15.804385692534492,3.856826685404183,99.05766259594745,85.57120654782688
15.697011196046464,3.8291494375566186,99.68022411849864,85.91662586489363
15.592967578975383,3.8025794246719644,100.30414650981896,86.26332622962202
15.492439520754175,3.777135091870952,100.92900377697914,86.6111480754991
15.395617039163122,3.7528354293702115,101.55435583634144,86.95993084671312
15.302695002997163,3.729699927340316,102.179748205284,87.30951293069047
15.21387256586994,3.707748530389412,102.80471149581577,87.65973159044867
15.129352658246336,3.6870015937063862,103.42876124890275,88.01042293269951
15.049341470228685,3.6674798380727656,104.05139787481637,88.3614218657591
14.974047869594747,3.6492043042494084,104.67210648032977,88.7125620554949
14.90368281559399,3.6321963080227246,105.29035682892395,89.06367590256885
14.838458777874798,3.616477394881581,105.90560348940917,89.41459452386255
14.778589114749757,3.6020692939676957,106.51728599135507,89.76514773194785
14.724287409847014,3.5889938719506276,107.12482898081356,90.11516402427618
14.675766805886168,3.5772730868984373,107.727642547174,90.46447058413881
14.633239325120016,3.5669289415613132,108.32512268486015,90.8128932828653
14.596915134287958,3.55798343619759,108.91665170173597,91.16025668560532
14.56700179060364,3.5504585213569944,109.50159873116046,91.50638406834796
14.543703506936279,3.5443760504418944,110.07932052650385,91.85109744310978
14.527220333632377,3.5397577313826543,110.64916206288528,92.19421757827757
14.517747338501291,3.5366250785614994,111.21045730902757,92.53556403541874
14.51547382412013,3.5349993646090794,111.7625303558908,92.87495521524687
14.52058243544546,3.534901571017765,112.30469619499158,93.21220839180808
14.533248293480787,3.536352339434605,112.83626177144893,93.54713977025271
14.553638183752506,3.539371922833982,113.35652744975248,93.87956455242194
14.581909610491266,3.543980135335732,113.86478795589278,94.20929698495804
14.618209912663067,3.5501963031697277,114.36033372449991,94.53615043831459
14.662675450473204,3.5580392154969256,114.842452686293,94.8599374905563
14.715430633931511,3.5675270738103846,115.31043134206698,95.18046998937137
14.776587068521499,3.578677443084173,115.76355645392468,95.49755915407499
14.846244721092027,3.5915072813006788,116.20112685066125,95.81101724904553
14.924481812757927,3.6060325226722854,116.62240887925758,96.12065033632328
15.005395612201822,3.6213156336601386,117.0269780610091,96.42631267320277
15.08309179830547,3.6364013682858025,117.41545899152734,96.72802736571604
15.157736387659199,3.6512928052016678,117.788681938296,97.02585610403335
15.229488752647345,3.6659930494125668,118.14744376323672,97.31986098825134
15.29850005436386,3.6805051561703155,118.4925002718193,97.6101031234063
15.364913738460082,3.694832131932969,118.8245686923004,97.89664263865937
15.428865831614132,3.7089769349846513,119.14432915807066,98.17953869969303
15.49048531199909,3.722942476247482,119.45242655999544,98.45884952494964
15.549894533395886,3.73673162016363,119.74947266697943,98.7346324032726
15.607209443637013,3.7503471852266808,120.03604721818506,99.00694370453361
15.662539956359916,3.7637919448530335,120.31269978179958,99.27583889706067
15.715990294093835,3.777068628161947,120.57995147046917,99.54137256323894
15.767659172432628,3.790179920479154,120.83829586216314,99.80359840958307
15.817640131077233,3.8031284641860896,121.08820065538616,100.06256928372179
15.8660218411086,3.815916859480779,121.330109205543,100.31833718961558
15.912888254745312,3.828547664836071,121.56444127372656,100.57095329672141
15.958318866537859,3.841023397750737,121.79159433268929,100.82046795501473
16.002389027665068,3.8533465356017267,122.01194513832533,101.06693071203453
16.04517006377561,3.8655195160290954,122.22585031887806,101.3103903205819
16.086729449975532,3.8775447375354015,122.43364724987765,101.55089475070803
16.127131131811034,3.889424560446864,122.63565565905516,101.78849120893727
16.166435641126196,3.9011613072850966,122.83217820563097,102.02322614570193
16.204700220991814,3.9127572632783387,123.02350110495907,102.25514526556677
16.241979036637996,3.9242146770921544,123.20989518318999,102.48429354184309
16.27832340552854,3.9355357616044935,123.3916170276427,102.71071523208987
16.313781858424278,3.946722694167283,123.56890929212139,102.93445388334565
16.34840025084912,3.9577776171377526,123.74200125424561,103.15555234275504
16.382221985436114,3.968702638712037,123.91110992718056,103.37405277424074
16.415288160928714,3.979499833500316,124.07644080464357,103.58999667000631
16.447637622462878,3.990171242788167,124.23818811231439,103.80342485576334
16.479307045598397,4.000718875024058,124.39653522799198,104.01437750048115
16.51033112749975,4.011144706625062,124.55165563749874,104.22289413250124
16.540742727806272,4.021450682600524,124.70371363903136,104.42901365201048
16.57057289111487,4.031638716685227,124.85286445557435,104.63277433370453
16.59985092729361,4.041710691897146,124.99925463646804,104.83421383794291
16.628604497442634,4.0516684609616185,125.14302248721317,105.03336921923237
16.656859817076946,4.061513847333847,125.28429908538473,105.23027694667694
16.68464166977486,4.071248645272447,125.42320834887428,105.42497290544894
16.711973458363822,4.080874620214635,125.5598672918191,105.61749240429269
16.738877233174225,4.090393509114661,125.69438616587112,105.80787018229321
16.765373820134368,4.099807021130522,125.82686910067184,105.99614042261045
16.791482960275516,4.1091168384710635,125.95741480137758,106.18233676942127
16.817223310473405,4.118324616401328,126.08611655236702,106.36649232802655
16.842612476437107,4.12743198352906,126.21306238218554,106.5486396705812
16.867667051015943,4.136440542330394,126.33833525507971,106.72881084660789
16.892402641269793,4.14535186924457,126.46201320634896,106.9070373848914
16.916834056783397,4.1541675160251295,126.58417028391699,107.08335032050259
16.9409753176846,4.162889009801172,126.70487658842299,107.25778019602345
16.964839654645733,4.1715178530778685,126.82419827322866,107.43035706155736
16.98843955264053,4.180055524242361,126.94219776320264,107.60111048484721
17.01178674917615,4.18850347786215,127.05893374588075,107.77006955724299
17.034892271521013,4.196863144783006,127.17446135760507,107.93726289566011
17.05776659419888,4.205135933566476,127.2888329709944,108.10271867132951
17.08041964162663,4.213323230516084,127.40209820813315,108.26646461032168
17.102860788115592,4.221426399677804,127.51430394057796,108.42852799355607
17.125098861208823,4.229446782894029,127.6254943060441,108.58893565788057
17.14714218991675,4.237385700820826,127.73571094958375,108.74771401641652
17.168998561396364,4.2452444522786985,127.84499280698182,108.90488904557397
17.190675349977578,4.25302431557544,127.95337674988788,109.06048631150881
17.212179554113085,4.260726549006863,128.06089777056542,109.21453098013725
17.23351779637964,4.268352390857229,128.1675889818982,109.36704781714458
17.254696323477443,4.2759030593990515,128.2734816173872,109.51806118798103
17.275721018118983,4.283379753179957,128.3786050905949,109.66759506359912
17.296597414518192,4.290783651718706,128.48298707259096,109.81567303437411
17.31733069968929,4.298115915082443,128.58665349844645,109.96231830164885
17.337925800309456,4.305377685256583,128.68962900154727,110.10755370513166
17.358387387805255,4.312570086243119,128.79193693902627,110.25140172486238
17.37871987835096,4.319694224059993,128.8935993917548,110.39388448119985
17.398927432878516,4.326751186741672,128.99463716439257,110.53502373483343
17.419013976073206,4.333742045001176,129.09506988036603,110.67484090002353
17.438983183156502,4.340667852100583,129.1949159157825,110.81335704201166
17.458838522769508,4.347529644364831,129.29419261384754,110.95059288729661
17.478583291064712,4.354328441957786,129.39291645532356,111.08656883915572
17.498220611706962,4.361065248882621,129.4911030585348,111.22130497765242
17.517753435871878,4.367741052981244,129.5887671793594,111.35482105962487
17.53718454444039,4.374356826023178,129.68592272220195,111.48713652046357
17.556516560670214,4.38091352444285,129.78258280335106,111.618270488857
17.575751940102425,4.387412088827582,129.87875970051212,111.74824177655164
17.59489301481152,4.39385344500345,129.9744650740576,111.87706890006899
17.613942000859662,4.400238504274788,130.06971000429832,112.00477008549576
17.63290099829615,4.406568163424003,130.16450499148075,112.13136326848006
17.651771991158473,4.412843304711931,130.25885995579236,112.25686609423862
17.670556848814137,4.419064796075219,130.35278424407068,112.38129592150437
17.689257332993574,4.4252334916519835,130.44628666496786,112.50466983303967
17.707875113276597,4.431350231864739,130.53937556638297,112.62700463729477
17.72641177556203,4.437415843868089,130.63205887781015,112.74831687736177
17.744868822211014,4.443431141562847,130.72434411105507,112.86862283125694
17.763247674815354,4.449396925753656,130.81623837407676,112.98793851507313
17.781549676506348,4.455313984346427,130.90774838253174,113.10627968692853
17.799776099754265,4.461183092618942,130.9988804987713,113.22366185237884
17.817928155678146,4.467005013628767,131.08964077839073,113.34010027257533
17.836006994142128,4.4727804982182375,131.18003497071064,113.45560996436474
17.854013705561716,4.4785102851341225,131.27006852780858,113.57020570268244
17.87194932304544,4.484195101270255,131.35974661522718,113.6839020254051
17.88981482417004,4.489835661708466,131.44907412085018,113.79671323416932
17.907611142608847,4.495432670329025,131.53805571304423,113.9086534065805
17.92533916867123,4.500986819841494,131.62669584335615,114.01973639682988
17.942999749303574,4.5064987917850345,131.71499874651786,114.12997583570069
17.960593690180964,4.511969256743475,131.8029684509048,114.2393851348695
17.97812175573726,4.517398874491496,131.8906087786863,114.34797748982992
17.995584673210722,4.522788294128843,131.9779233660536,114.45576588257686
18.012983139898417,4.528138154608192,132.06491569949208,114.56276309216383
18.030317823235425,4.5334490847420295,132.15158911617712,114.66898169484058
18.047589360794234,4.538721703202501,132.23794680397117,114.77443406405003
18.06479836071663,4.543956618630889,132.32399180358314,114.87913237261779
18.081945403309142,4.549154429954643,132.4097270165457,114.98308859909285
18.099031044514795,4.55431572648091,132.49515522257397,115.08631452961819
18.11605581869689,4.55944108821776,132.58027909348445,115.1888217643552
18.13302023871007,4.564531085887061,132.66510119355036,115.2906217177412
18.149924796510515,4.569586281019176,132.74962398255258,115.39172562038351
18.166769963860187,4.57460722610929,132.83384981930092,115.4921445221858
18.183556194225396,4.579594464786689,132.91778097112697,115.59188929573378
18.20028392531819,4.58454853211208,133.00141962659094,115.69097064224158
18.216953579138057,4.58946995458281,133.08476789569028,115.78939909165621
18.233565562073558,4.594359250174084,133.16782781036778,115.88718500348168
18.250120266008242,4.5992169285862365,133.2506013300412,115.98433857172473
18.26661806991469,4.604043491387858,133.33309034957344,116.08086982775716
18.283059340392725,4.608839432121954,133.41529670196363,116.17678864243908
18.29944443220062,4.61360523641823,133.4972221610031,116.2721047283646
18.3157738965749,4.618341414430166,133.5788694828745,116.36682828860332
18.3320564615594,4.623049754658071,133.660282307797,116.46099509316142
18.34833450942233,4.6277373930838985,133.74167254711165,116.55474786167797
18.36465727794302,4.632412768286641,133.8232863897151,116.64825536573281
18.381071385074645,4.637084141365797,133.9053569253732,116.74168282731594
18.39762113130383,4.64175962968882,133.98810565651914,116.83519259377638
18.41434856835797,4.64644720452963,134.07174284178984,116.9289440905926
18.431293565396096,4.651154688651727,134.15646782698047,117.02309377303453
18.448493872107992,4.655889753781294,134.24246936053996,117.11779507562589
18.46598517842499,4.6606599180222625,134.32992589212495,117.21319836044525
18.48380117175795,4.665472543195048,134.41900585878975,117.30945086390096
18.501973591900565,4.6703348320551905,134.50986795950283,117.4066966411038
18.520532283032487,4.675253825469347,134.60266141516243,117.50507650938692
18.539505243463264,4.680236399549382,134.69752621731632,117.60472799098763
18.558918673731707,4.68528926268938,134.79459336865852,117.70578525378758
18.578797022321705,4.690418952587993,134.89398511160852,117.80837905175986
18.599163029325315,4.695631833272613,134.99581514662657,117.91263666545227
18.62003776900035,4.700934092055919,135.10018884500175,118.01868184111837
18.64144069047651,4.7063317365113635,135.20720345238254,118.12663473022727
18.663389656627324,4.711830591488543,135.3169482831366,118.23661182977087
18.68590098222254,4.717436296100746,135.4295049111127,118.3487259220149
18.70898947074296,4.723154300761981,135.5449473537148,118.46308601523961
18.732668449620775,4.7289898642985095,135.66334224810387,118.57979728597019
18.756949804969157,4.734948051078076,135.78474902484578,118.69896102156152
18.78184401551391,4.741033728215841,135.90922007756956,118.82067456431682
18.807360185178766,4.747251562886889,136.03680092589383,118.94503125773778
18.833506075280734,4.753606019704432,136.16753037640368,119.07212039408864
18.860288136410276,4.760101358197206,136.30144068205138,119.20202716394411
18.887711539220856,4.766741630426244,136.43855769610428,119.33483260852488
18.915780204841344,4.773530678710575,136.57890102420671,119.4706135742115
18.94449683539936,4.7804721334763975,136.7224841769968,119.60944266952795
18.97386294372169,4.7875694112717335,136.86931471860845,119.75138822543467
19.0038788826052,4.794825712932751,137.019394413026,119.89651425865502
19.034543874528605,4.802244021895147,137.17271937264303,120.04488043790293
19.06585604083553,4.809827102694674,137.32928020417765,120.19654205389348
19.09781243037191,4.817577499653143,137.48906215185954,120.35154999306285
19.13040904881414,4.825497535736001,137.6520452440707,120.50995071472
19.163640887758586,4.833589311613643,137.81820443879292,120.67178623227285
19.197501953103348,4.841854704936854,137.98750976551673,120.83709409873708
19.231985294323664,4.850295369808863,138.15992647161832,121.00590739617725
19.26708303373554,4.858912736472178,138.33541516867768,121.17825472944355
19.302786394863674,4.8677080112290945,138.51393197431835,121.35416022458189
19.339085731945598,4.8766821765818555,138.69542865972798,121.5336435316371
19.375970559457087,4.885835991594969,138.87985279728542,121.71671983189937
19.413429580593824,4.895169992501497,139.0671479029691,121.90339985002993
19.451450717255558,4.904684493551488,139.25725358627778,122.09368987102975
19.490021139684714,4.914379588076434,139.45010569842356,122.28759176152867
19.52912729519758,4.924255149815615,139.64563647598789,122.48510299631229
19.568754938821527,4.934310834488708,139.84377469410762,122.68621668977416
19.608889162595986,4.944546081571402,140.04444581297992,122.89092163142803
19.649514424936058,4.954960116367783,140.2475721246803,123.09920232735564
19.690614581706566,4.965551952290535,140.45307290853282,123.31103904581069
19.732172914700506,4.976320393354008,140.66086457350252,123.52640786708017
19.774172162454438,4.987264036995446,140.87086081227218,123.74528073990892
19.816594550244947,4.998381277005569,141.08297275122473,123.96762554011137
19.859421818804652,5.009670306795707,141.29710909402326,124.19340613591413
19.902635256131095,5.021129122849903,141.51317628065547,124.42258245699804
19.946215724833117,5.032755528337201,141.73107862416558,124.65511056674401
19.990143694124374,5.044547137119567,141.95071847062187,124.89094274239133
20.034399267325348,5.056501377676915,142.17199633662673,125.1300275535383
20.07896221265636,5.068615497620413,142.3948110632818,125.37230995240824
20.123811991464308,5.080886567941917,142.61905995732153,125.61773135883833
20.168927787634182,5.0933114879841375,142.8446389381709,125.86622975968274
20.214288535770454,5.105886989957892,143.07144267885226,126.11773979915783
20.25987295067252,5.118609644435911,143.2993647533626,126.37219288871822
20.305659552240627,5.131475864925708,143.52829776120313,126.62951729851416
20.35162670054139,5.144481914014051,143.75813350270695,126.88963828028102
20.39775261141087,5.157623908104025,143.98876305705434,127.15247816208048
20.444015394461246,5.170897823467936,144.22007697230623,127.4179564693587
20.490393073370214,5.184299501980614,144.45196536685106,127.68599003961226
20.536863614205586,5.197824656789541,144.68431807102792,127.95649313579081
20.583404949772206,5.21146887854807,144.91702474886102,128.2293775709614
20.629995004864995,5.2252276411692264,145.14997502432496,128.50455282338453
20.676611720784436,5.239096308228042,145.38305860392217,128.78192616456084
20.72323307942311,5.253070139012142,145.61616539711554,129.06140278024284
20.769837125354993,5.2671442948102545,145.84918562677495,129.34288589620508
20.816401990006916,5.281313845280964,146.08200995003457,129.62627690561928
20.862905911699542,5.295573774651887,146.3145295584977,129.91147549303773
20.90932725880822,5.309918988275232,146.5466362940411,130.19837976550463
20.95564454846449,5.3243443187600565,146.77822274232244,130.48688637520112
21.00183646787701,5.338844532570143,147.00918233938503,130.77689065140285
